{"predictions": [5.859201908111572, 6.778018474578857, 6.125575542449951, 11.918859481811523, 12.068946838378906, 13.592918395996094, 2.974686622619629, 3.0512118339538574, 5.79735803604126, 5.19484281539917, 3.9518051147460938, 3.8477604389190674, 11.654045104980469, 12.497623443603516, 13.541328430175781, 12.317756652832031, 11.362571716308594, 13.035123825073242, 9.66427993774414, 9.995630264282227, 9.901371002197266, 11.655363082885742, 11.057758331298828, 12.277585983276367, 3.5296220779418945, 4.171055316925049, 4.030015468597412, 15.670516967773438, 15.396272659301758, 15.997283935546875, 11.240583419799805, 10.585018157958984, 10.753925323486328, 2.8762083053588867, 2.9288883209228516, 2.626584529876709, 14.303369522094727, 14.405921936035156, 15.415557861328125, 14.990737915039062, 16.044025421142578, 15.677909851074219, 2.186677932739258, 2.217496395111084, 2.196420907974243, 2.444838523864746, 2.5452144145965576, 2.1396493911743164, 5.528725624084473, 5.412332057952881, 6.313044548034668, 7.070819854736328, 5.612774848937988, 5.782166481018066, 13.82181167602539, 14.346794128417969, 14.350950241088867, 8.202800750732422, 7.759753704071045, 7.594996929168701, 12.881582260131836, 14.0601806640625, 13.785568237304688, 14.196310043334961, 14.46490478515625, 14.246526718139648, 6.220887660980225, 5.3730340003967285, 6.796862602233887, 7.785179615020752, 7.522925853729248, 7.079546928405762, 7.137522220611572, 11.76276969909668, 12.05384635925293, 10.483648300170898, 13.531278610229492, 14.235944747924805, 13.248523712158203], "targets": [7.167689800262451, 7.167689800262451, 7.167689800262451, 14.8774995803833, 14.8774995803833, 14.8774995803833, 1.5276999473571777, 1.5276999473571777, 1.5276999473571777, 3.2306599617004395, 3.2306599617004395, 3.2306599617004395, 8.309379577636719, 8.309379577636719, 8.309379577636719, 11.63860034942627, 11.63860034942627, 11.63860034942627, 11.189599990844727, 11.189599990844727, 11.189599990844727, 12.539400100708008, 12.539400100708008, 12.539400100708008, 4.25462007522583, 4.25462007522583, 4.25462007522583, 16.903499603271484, 16.903499603271484, 16.903499603271484, 8.416150093078613, 8.416150093078613, 8.416150093078613, 2.773439884185791, 2.773439884185791, 2.773439884185791, 16.659799575805664, 16.659799575805664, 16.659799575805664, 18.45039939880371, 18.45039939880371, 18.45039939880371, 1.4510600566864014, 1.4510600566864014, 1.4510600566864014, 1.4510600566864014, 1.4510600566864014, 1.4510600566864014, 7.381199836730957, 7.381199836730957, 7.381199836730957, 8.084870338439941, 8.084870338439941, 8.084870338439941, 15.323800086975098, 15.323800086975098, 15.323800086975098, 8.78849983215332, 8.78849983215332, 8.78849983215332, 13.733099937438965, 13.733099937438965, 13.733099937438965, 17.048599243164062, 17.048599243164062, 17.048599243164062, 6.510610103607178, 6.510610103607178, 6.510610103607178, 6.510610103607178, 5.837100028991699, 5.837100028991699, 5.837100028991699, 9.639969825744629, 9.639969825744629, 9.639969825744629, 14.236800193786621, 14.236800193786621, 14.236800193786621], "filenames": ["anon_1275_1.png", "anon_1275_2.png", "anon_1275_3.png", "anon_711_1.png", "anon_711_2.png", "anon_711_3.png", "anon_1838_1.png", "anon_1838_2.png", "anon_1838_3.png", "anon_1366_1.png", "anon_1366_2.png", "anon_1366_3.png", "anon_1413_1.png", "anon_1413_2.png", "anon_1413_3.png", "anon_880_1.png", "anon_880_2.png", "anon_880_3.png", "anon_1111_1.png", "anon_1111_2.png", "anon_1111_3.png", "anon_1810_1.png", "anon_1810_2.png", "anon_1810_3.png", "anon_903_1.png", "anon_903_2.png", "anon_903_3.png", "anon_1072_1.png", "anon_1072_2.png", "anon_1072_3.png", "anon_577_1.png", "anon_577_2.png", "anon_577_3.png", "anon_665_1.png", "anon_665_2.png", "anon_665_3.png", "anon_995_1.png", "anon_995_2.png", "anon_995_3.png", "anon_1462_1.png", "anon_1462_2.png", "anon_1462_3.png", "anon_1383_1.png", "anon_1383_2.png", "anon_1383_3.png", "anon_1383_4.png", "anon_1383_5.png", "anon_1383_6.png", "anon_694_1.png", "anon_694_2.png", "anon_694_3.png", "anon_910_1.png", "anon_910_2.png", "anon_910_3.png", "anon_1018_1.png", "anon_1018_2.png", "anon_1018_3.png", "anon_1820_1.png", "anon_1820_2.png", "anon_1820_3.png", "anon_1257_1.png", "anon_1257_2.png", "anon_1257_3.png", "anon_918_1.png", "anon_918_2.png", "anon_918_3.png", "anon_1021_1.png", "anon_1021_2.png", "anon_1021_3.png", "anon_1021_4.png", "anon_1026_1.png", "anon_1026_2.png", "anon_1026_3.png", "anon_860_1.png", "anon_860_2.png", "anon_860_3.png", "anon_1786_1.png", "anon_1786_2.png", "anon_1786_3.png"]}